<?xml version="1.0" encoding="UTF-8"?>
<configuration>
    <include resource="org/springframework/boot/logging/logback/defaults.xml" />

    <appender name="CONSOLE" class="ch.qos.logback.core.ConsoleAppender">
        <encoder>
            <pattern>${CONSOLE_LOG_PATTERN}</pattern>
            <charset>utf8</charset>
        </encoder>
    </appender>

    <appender name="APP_LOG" class="ch.qos.logback.core.rolling.RollingFileAppender">
        <encoder>
            <pattern>${FILE_LOG_PATTERN}</pattern>
            <charset>utf8</charset>
        </encoder>
        <file>app.log</file>
        <rollingPolicy class="ch.qos.logback.core.rolling.FixedWindowRollingPolicy">
            <maxIndex>1</maxIndex>
            <fileNamePattern>app.log.%i</fileNamePattern>
        </rollingPolicy>
        <triggeringPolicy class="ch.qos.logback.core.rolling.SizeBasedTriggeringPolicy">
            <MaxFileSize>1MB</MaxFileSize>
        </triggeringPolicy>
    </appender>

    <root level="INFO">
        <appender-ref ref="CONSOLE" />
        <appender-ref ref="APP_LOG" />
    </root>
</configuration>